DOTAÇÃO ORÇAMENTÁRIA;PROJETOS/AÇÕES DE INVESTIMENTO;VALORES APROVADOS;PAGO;SALDO;% DE EXECUÇÃO
;Outros tipos de investimentos;83.359.349,24;82.113.338,72;1.246.010,52;
03.010.15.451.0014.1.002.4.4.90.61;Pagamento de desapropriação de áreas;83.359.349,24;82.113.338,72;1.246.010,52;98,51%
;Contrapartida em contratos e convênios de repasse com a CAIXA;11.462.740,28;5.502.090,31;5.960.649,97;
08.010.10.302.0012.1.036.4.4.90.51;Contrato de Repasse nº 853339/17  Ampliação e/ou reforma do Hospital Municipal;3.381.511,84;1.123.748,65;2.257.763,19;33,23%
12.020.23.695.0006.1.126.4.4.90.51;Contrato de Repasse nº 909073/20  Construção do Centro de Eventos Oscar Niemeyer;8.081.228,44;4.378.341,66;3.702.886,78;54,18%
;Creches, escolas, bibliotecas, centros de pesquisa;21.880.282,81;12.520.282,81;9.360.000,00;
09.020.12.365.0016.5.031.4.4.90.51;CMEI Marcia do Rocio B. Socreppa (Bom Jardim)  Construção com 15 salas;3.137.008,45;3.137.008,45;0,00;100%
09.020.12.365.0016.5.031.4.4.90.51;CMEI Ângelo Viegas  Demolição e Construção com 13 salas;300.000,00;300.000,00;0,00;100%
09.020.12.365.0016.5.031.4.4.90.61;Aquisição de imóveis para Construção de Centros Municipais de Educação Infantil;9.083.274,36;9.083.274,36;0,00;100%
09.030.12.361.0017.5.033.4.4.90.51;Construção de escola de ensino fundamental (Floriano);9.360.000,00;0,00;9.360.000,00;0%
;Espaços esportivos, lazer, culturais;799.077,29;799.077,29;0,00;
15.020.27.812.0013.1.009.4.4.90.51;Implantação do Centro de Vôlei de Praia;799.077,29;799.077,29;0,00;100%
;Implantação de novos espaços esportivos;2.289.445,08;1.845.855,86;443.589,22;
15.020.27.812.0013.1.016.4.4.90.51;Reforma e Ampliação do Centro Esportivo Dr. Luiz Moreira de Carvalho (Vila Operária);2.289.445,08;1.845.855,86;443.589,22;80,62%
;Aditivo Reforma e Ampliação do Centro Esportivo Três Lagoas;0,00;0,00;0,00;
;Aditivo Reforma e Ampliação do Centro Esportivo Floriano;0,00;0,00;0,00;
;Aditivo/Reajuste Reforma e Ampliação Centro Esportivo Mandacaru;0,00;0,00;0,00;
;Habitação de Interesse Social;10.000,00;0,00;10.000,00;
07.020.16.482.0009.1.021.4.4.90.51;Construção do Condomínio da Pessoa com Deficiência  PCD;10.000,00;0,00;10.000,00;0%
;Investimentos em segurança pública;489.810,62;19.883,50;469.927,12;
26.010.06.122.0021.2.176.4.4.90.52;Aquisição de aparelhos de ar condicionado;8.959,54;8.959,54;0,00;100%
26.010.06.181.0021.2.125.4.4.90.52;Aquisição de aparelhos de ar condicionado;480.851,08;10.923,96;469.927,12;2,27%
;Aquisição de pistolas;0,00;0,00;0,00;
;Aquisição de veículo;0,00;0,00;0,00;
;Aquisição de mesas;0,00;0,00;0,00;
;Aquisição de cadeiras;0,00;0,00;0,00;
;Aquisição de 12 armários em aço com 8 portas;0,00;0,00;0,00;
;Aquisição de armários;0,00;0,00;0,00;
;Aquisição de microcompuradores;4.585,79;4.585,79;0,00;
26.010.06.183.0021.2.174.4.4.90.52;Aquisição de aparelhos de ar condicionado;4.585,79;4.585,79;0,00;100%
;Pavimentação, calçamento, recapeamento, reperfilamento e afins (exceto rodovias);4.895.084,28;3.746.587,17;1.148.497,11;
19.010.15.452.0010.2.126.4.4.90.39;Recapeamento asfáltico;2.458.567,77;2.010.070,66;448.497,11;81,76%
20.010.15.451.0014.1.006.4.4.90.39;Execução de Calçadas e Alambrados em vias públicas;491.247,58;391.247,58;100.000,00;79,64%
20.010.15.451.0014.1.014.4.4.90.51;Drenagem e pavimentação na Rua Gertrude;1.945.268,93;1.345.268,93;600.000,00;69,16%
;Drenagem e pavimentação na Rua Íris;0,00;0,00;0,00;
;Pavimentação asfáltica e adequação de redes pluviais na rua Fernão Dias, Azulão, Tókio/Herval e Ametista;0,00;0,00;0,00;
;Pavimentação e drenagem no Distrito de Iguatemi;11.081.335,53;8.420.945,98;2.660.389,55;
20.010.15.451.0014.1.014.4.4.90.61;Aquisição de Imóveis (Av. João Pereira);11.021.335,53;8.420.945,98;2.600.389,55;76,41%
20.010.15.451.0014.1.020.4.4.90.51;Implantação da Ciclovia Tuiuti;10.000,00;0,00;10.000,00;0%
20.010.17.512.0014.1.013.4.4.90.51;Drenagem na Rua Mandaguari;50.000,00;0,00;50.000,00;0%
;Praças, espaços e prédios públicos, parquinhos, jardins, monumentos, cemitérios;42.742.434,39;19.234.524,96;23.507.909,43;
12.020.23.695.0006.1.048.4.4.90.51;Reforma do Deck do Parque do Japão;10.000,00;0,00;10.000,00;0%
12.020.23.695.0006.1.126.4.4.90.51;Construção do Centro de Eventos Oscar Niemeyer;32.200.411,59;17.184.121,23;15.016.290,36;53,37%
13.010.08.306.0022.1.108.4.4.90.51;Construção do Restaurante Popular e Cozinha Central;667.077,09;667.077,09;0,00;100%
13.020.08.243.0019.5.079.4.4.90.51;Construção para rede de proteção social especial para crianças e adolescentes;100.000,00;0,00;100.000,00;0%
20.010.04.122.0002.1.005.4.4.90.51;Melhorias em prédios públicos  Adequação de Rampas e Escadas do Paço Municipal;1.100.000,00;0,00;1.100.000,00;0%
20.010.15.451.0014.1.112.4.4.90.51;Implantação do Eixo Monumental;8.664.945,71;1.383.326,64;7.281.619,07;15,96%
;Unidades de Saúde, Hospitais, Laboratórios;16.457.651,55;4.751.524,68;11.706.126,87;
08.010.10.301.0012.1.025.4.4.90.51;Ampliação e Reforma UBS Vila Operária;1.089.076,78;1.089.076,78;0,00;100%
08.010.10.301.0012.1.026.4.4.90.51;Construção UBS Andréa;2.221.897,91;2.221.897,91;0,00;100%
08.010.10.301.0012.1.026.4.4.90.51;Construção da UBS São Clemente;367.376,14;0,00;367.376,14;0%
08.010.10.302.0012.1.017.4.4.90.51;CAPS AD III;603.892,69;0,00;603.892,69;0%
08.010.10.302.0012.1.027.4.4.90.51;Reforma da UPA Zona Norte;8.513.044,96;169.922,60;8.343.122,36;2%
08.010.10.302.0012.1.036.4.4.90.51;Ampliação e/ou reforma do Hospital Municipal;3.662.363,07;1.270.627,39;2.391.735,68;34,69%
VALORES TOTAIS;;195.471.796,86;138.958.697,07;56.513.099,79;
Contrato de Financiamento FINISA nº 0612.664-90/2023  Despesas de Capital Fonte 41197;;0,00;0,00;0,00;0%
DOTAÇÃO ORÇAMENTÁRIA;PROJETOS/AÇÕES DE INVESTIMENTO;0,00;0,00;0,00;0%
;Outros tipos de investimentos;38.785.053,07;16.623.316,70;22.161.736,37;
03.010.15.451.0014.1.002.4.4.90.61;Pagamento de desapropriação de áreas;38.785.053,07;16.623.316,70;22.161.736,37;42,86%
;Contrapartida em contratos e convênios de repasse com a CAIXA;330.979,73;0,00;330.979,73;
15.010.27.812.0013.1.016.4.4.90.51;Contrato de Repasse nº 941449/23 - Reforma de Salão em alvenaria na Vila Olímpica;330.979,73;0,00;330.979,73;0%
;Eficiência energética, iluminação em LED, equupamentos para geração de energia fotovoltaica e eólica;28.287.581,98;6.636.904,61;21.650.677,37;
19.010.15.451.0014.1.127.4.4.90.51;Implantação de Usina fotovoltaica;28.287.581,98;6.636.904,61;21.650.677,37;23,46%
;Unidades de Saúde, Hospitais, Laboratórios;1.000,00;0,00;1.000,00;
08.010.10.302.0012.1.017.4.4.90.51;Construção de Unidades de Média e Alta Complexidade;1.000,00;0,00;1.000,00;0%
;Praças, espaços e prédios públicos, parquinhos, jardins, monumentos, cemitérios;301.000,00;0,00;301.000,00;
13.020.08.244.0022.1.091.4.4.90.51;Ampliação e/ou reforma dos Centros Comunitários de Múltiplo Uso;301.000,00;0,00;301.000,00;0%
;Espaços esportivos, lazer, culturais;9.020,27;0,00;9.020,27;
15.010.27.812.0013.1.016.4.4.90.51;Melhorias em espaços esportivos e de lazer;9.020,27;0,00;9.020,27;0%
;Pavimentação, calçamento, recapeamento, reperfilamento e afins (exceto rodovias);12.285.364,95;11.863.071,38;422.293,57;
19.010.15.452.0010.2.126.4.4.90.39;Manutenção da pavimentação asfáltica e galerias pluviais (Recapeamento);12.284.364,95;11.863.071,38;421.293,57;96,57%
20.010.15.451.0014.1.014.4.4.90.51;Execução de pavimentação asfáltica;1.000,00;0,00;1.000,00;0%
VALORES TOTAIS;;275.471.796,86;174.081.989,76;101.389.807,10;
